NumeroRegistro,OperadorLogistico,Anio,Mes,CantidadEnvios,Region,CostoPorEnvio,PorcentajeEntregasATiempo
1,LogisticaSur,2024,1,314,Centro,2707.33,73
2,TransRuta,2024,1,497,Litoral,3935.96,82
3,EnvioExpress,2024,1,223,Centro,4171.06,89
4,CargaNacional,2024,1,402,Centro,1808.67,86
5,AndesLog,2024,1,476,Norte,2885.73,82
6,LogisticaSur,2024,2,225,Centro,4462.3,98
7,TransRuta,2024,2,386,Litoral,1225.82,92
8,EnvioExpress,2024,2,104,Centro,2674.81,99
9,CargaNacional,2024,2,189,Litoral,1675.15,72
10,AndesLog,2024,2,491,Norte,1758.72,74
11,LogisticaSur,2024,3,212,Centro,1164.17,74
12,TransRuta,2024,3,446,Centro,4564.17,85
13,EnvioExpress,2024,3,478,Cuyo,2655.27,83
14,CargaNacional,2024,3,488,Cuyo,4196.91,81
15,AndesLog,2024,3,410,Cuyo,4455.72,94
16,LogisticaSur,2024,4,144,Litoral,1362.33,89
17,TransRuta,2024,4,505,Cuyo,1208.56,90
18,EnvioExpress,2024,4,151,Centro,1929.28,99
19,CargaNacional,2024,4,201,Litoral,1366.18,76
20,AndesLog,2024,4,199,Sur,2767.9,84
21,LogisticaSur,2024,5,398,Centro,4423.54,99
22,TransRuta,2024,5,481,Litoral,2695.92,95
23,EnvioExpress,2024,5,195,Norte,978.19,93
24,CargaNacional,2024,5,103,Cuyo,1601.0,93
25,AndesLog,2024,5,91,Sur,4093.04,74
26,LogisticaSur,2024,6,96,Litoral,1738.28,75
27,TransRuta,2024,6,183,Norte,4213.79,85
28,EnvioExpress,2024,6,152,Litoral,1707.13,89
29,CargaNacional,2024,6,405,Centro,4232.11,80
30,AndesLog,2024,6,219,Norte,4700.88,99
31,LogisticaSur,2024,7,410,Sur,3500.08,99
32,TransRuta,2024,7,135,Norte,4077.67,92
33,EnvioExpress,2024,7,309,Centro,2979.22,80
34,CargaNacional,2024,7,418,Centro,3573.99,94
35,AndesLog,2024,7,271,Centro,1202.97,79
36,LogisticaSur,2024,8,308,Norte,3403.41,82
37,TransRuta,2024,8,250,Norte,1292.09,82
38,EnvioExpress,2024,8,156,Centro,3164.99,83
39,CargaNacional,2024,8,501,Sur,4350.92,80
40,AndesLog,2024,8,174,Sur,1916.46,86
41,LogisticaSur,2024,9,179,Norte,4555.28,74
42,TransRuta,2024,9,144,Centro,2586.25,92
43,EnvioExpress,2024,9,191,Centro,3834.83,99
44,CargaNacional,2024,9,302,Centro,1261.26,99
45,AndesLog,2024,9,159,Centro,3169.17,82
46,LogisticaSur,2024,10,266,Sur,1483.44,80
47,TransRuta,2024,10,120,Centro,3403.22,98
48,EnvioExpress,2024,10,438,Sur,1892.41,85
49,CargaNacional,2024,10,289,Centro,2291.57,94
50,AndesLog,2024,10,373,Litoral,1484.63,99
51,LogisticaSur,2024,11,196,Centro,1931.63,92
52,TransRuta,2024,11,357,Norte,2077.71,97
53,EnvioExpress,2024,11,322,Centro,2317.4,78
54,CargaNacional,2024,11,243,Centro,3982.81,100
55,AndesLog,2024,11,455,Litoral,4695.36,99
56,LogisticaSur,2024,12,121,Norte,1720.32,98
57,TransRuta,2024,12,351,Centro,3966.71,87
58,EnvioExpress,2024,12,157,Litoral,1003.91,96
59,CargaNacional,2024,12,163,Centro,1181.9,93
60,AndesLog,2024,12,252,Centro,1438.61,89
61,LogisticaSur,2025,1,331,Norte,3688.45,81
62,TransRuta,2025,1,284,Sur,3356.9,84
63,EnvioExpress,2025,1,188,Centro,4046.18,81
64,CargaNacional,2025,1,259,Sur,2942.73,87
65,AndesLog,2025,1,440,Sur,2862.89,96
66,LogisticaSur,2025,2,387,Centro,4422.95,80
67,TransRuta,2025,2,460,Centro,3835.63,77
68,EnvioExpress,2025,2,515,Centro,2325.37,77
69,CargaNacional,2025,2,210,Litoral,3945.46,76
70,AndesLog,2025,2,511,Norte,4517.42,77
71,LogisticaSur,2025,3,346,Litoral,3293.22,91
72,TransRuta,2025,3,159,Centro,2152.17,73
73,EnvioExpress,2025,3,518,Sur,2208.53,81
74,CargaNacional,2025,3,516,Norte,2353.97,85
75,AndesLog,2025,3,397,Centro,4139.86,91
76,LogisticaSur,2025,4,340,Litoral,2933.87,94
77,TransRuta,2025,4,283,Sur,2174.34,94
78,EnvioExpress,2025,4,214,Norte,2362.75,85
79,CargaNacional,2025,4,336,Litoral,3759.21,86
80,AndesLog,2025,4,140,Centro,4778.58,92
81,LogisticaSur,2025,5,130,Litoral,3684.07,90
82,TransRuta,2025,5,301,Cuyo,4531.51,90
83,EnvioExpress,2025,5,192,Centro,3237.79,91
84,CargaNacional,2025,5,361,Litoral,3148.88,75
85,AndesLog,2025,5,344,Centro,3290.03,81
86,LogisticaSur,2025,6,105,Litoral,1539.41,75
87,TransRuta,2025,6,238,Cuyo,3207.69,89
88,EnvioExpress,2025,6,477,Cuyo,882.3,93
89,CargaNacional,2025,6,225,Centro,4692.9,87
90,AndesLog,2025,6,506,Centro,2885.03,94
91,LogisticaSur,2025,7,312,Litoral,1974.91,75
92,TransRuta,2025,7,229,Centro,1281.98,98
93,EnvioExpress,2025,7,212,Norte,3364.29,88
94,CargaNacional,2025,7,381,Centro,4364.03,95
95,AndesLog,2025,7,275,Sur,4432.9,81
96,LogisticaSur,2025,8,479,Litoral,4647.01,89
97,TransRuta,2025,8,254,Sur,2190.23,88
98,EnvioExpress,2025,8,437,Centro,2110.69,96
99,CargaNacional,2025,8,409,Sur,3519.44,90
100,AndesLog,2025,8,411,Norte,2815.73,98
101,LogisticaSur,2025,9,348,Cuyo,3076.92,88
102,TransRuta,2025,9,442,Sur,2585.78,75
103,EnvioExpress,2025,9,185,Centro,4514.77,85
104,CargaNacional,2025,9,471,Litoral,1442.71,92
105,AndesLog,2025,9,459,Centro,3816.22,92
106,LogisticaSur,2025,10,271,Litoral,3025.86,76
107,TransRuta,2025,10,305,Cuyo,1629.01,91
108,EnvioExpress,2025,10,313,Cuyo,2494.08,94
109,CargaNacional,2025,10,263,Norte,2930.32,82
110,AndesLog,2025,10,209,Cuyo,4206.34,91
111,LogisticaSur,2025,11,223,Sur,3201.82,88
112,TransRuta,2025,11,93,Litoral,2693.97,98
113,EnvioExpress,2025,11,394,Centro,1223.44,93
114,CargaNacional,2025,11,334,Norte,1088.06,99
115,AndesLog,2025,11,512,Litoral,4168.12,98
116,LogisticaSur,2025,12,211,Centro,2219.66,82
117,TransRuta,2025,12,252,Litoral,954.2,75
118,EnvioExpress,2025,12,445,Centro,3021.39,76
119,CargaNacional,2025,12,393,Centro,3870.3,99
120,AndesLog,2025,12,282,Cuyo,3774.61,90
121,LogisticaSur,2026,1,128,Centro,1824.77,77
122,TransRuta,2026,1,260,Centro,4227.39,96
123,EnvioExpress,2026,1,94,Cuyo,976.0,77
124,CargaNacional,2026,1,300,Sur,3101.93,86
125,AndesLog,2026,1,401,Norte,1271.07,100
126,LogisticaSur,2026,2,185,Sur,3877.6,93
127,TransRuta,2026,2,211,Sur,3086.86,93
128,EnvioExpress,2026,2,358,Cuyo,1153.98,91
129,CargaNacional,2026,2,155,Litoral,3433.18,78
130,AndesLog,2026,2,92,Cuyo,983.39,74
131,LogisticaSur,2026,3,357,Cuyo,1051.63,99
132,TransRuta,2026,3,206,Centro,4540.76,83
133,EnvioExpress,2026,3,511,Centro,1219.72,100
134,CargaNacional,2026,3,515,Norte,3704.34,72
135,AndesLog,2026,3,238,Sur,4175.77,75
136,LogisticaSur,2026,4,180,Litoral,4307.72,82
137,TransRuta,2026,4,143,Norte,2940.14,98
138,EnvioExpress,2026,4,98,Litoral,3148.22,79
139,CargaNacional,2026,4,392,Centro,2417.92,100
140,AndesLog,2026,4,273,Cuyo,1013.18,74
141,LogisticaSur,2026,5,459,Centro,3945.01,76
142,TransRuta,2026,5,462,Norte,2681.33,95
143,EnvioExpress,2026,5,398,Cuyo,3687.04,91
144,CargaNacional,2026,5,464,Litoral,903.45,81
145,AndesLog,2026,5,339,Centro,2549.41,77
146,LogisticaSur,2026,6,279,Centro,4151.12,89
147,TransRuta,2026,6,338,Centro,4287.25,93
148,EnvioExpress,2026,6,377,Norte,4748.93,90
149,CargaNacional,2026,6,169,Cuyo,2363.92,96
150,AndesLog,2026,6,422,Cuyo,2113.16,89
151,LogisticaSur,2026,7,254,Centro,4256.64,81
152,TransRuta,2026,7,363,Cuyo,3395.97,89
153,EnvioExpress,2026,7,126,Litoral,3622.17,91
154,CargaNacional,2026,7,166,Litoral,2267.83,99
155,AndesLog,2026,7,514,Sur,1587.11,94
156,LogisticaSur,2026,8,417,Litoral,2403.34,88
157,TransRuta,2026,8,370,Litoral,3908.48,96
158,EnvioExpress,2026,8,108,Sur,3570.83,88
159,CargaNacional,2026,8,414,Litoral,3363.87,74
160,AndesLog,2026,8,493,Sur,4148.86,83
161,LogisticaSur,2026,9,125,Centro,4641.48,81
162,TransRuta,2026,9,392,Cuyo,2451.31,77
163,EnvioExpress,2026,9,316,Sur,1929.18,89
164,CargaNacional,2026,9,508,Centro,3402.78,85
165,AndesLog,2026,9,490,Centro,2497.66,79
166,LogisticaSur,2026,10,288,Litoral,3810.87,96
167,TransRuta,2026,10,427,Sur,1878.67,75
168,EnvioExpress,2026,10,392,Norte,2824.14,99
169,CargaNacional,2026,10,434,Centro,2722.86,87
170,AndesLog,2026,10,355,Litoral,2642.71,100
171,LogisticaSur,2026,11,167,Sur,4633.36,72
172,TransRuta,2026,11,253,Norte,4548.69,87
173,EnvioExpress,2026,11,224,Litoral,1994.03,83
174,CargaNacional,2026,11,112,Litoral,2090.76,90
175,AndesLog,2026,11,308,Centro,2009.59,90
176,LogisticaSur,2026,12,482,Cuyo,2254.0,98
177,TransRuta,2026,12,475,Cuyo,912.73,100
178,EnvioExpress,2026,12,457,Norte,2001.72,100
179,CargaNacional,2026,12,494,Centro,3936.2,72
180,AndesLog,2026,12,445,Centro,3704.56,96
