Fecha;Producto;Categoría;Cantidad;Precio Unitario
02/03/2026;Cuaderno A4;Librería;6;3.325,00
06/03/2026;Detergente 750 ml;Limpieza;4;1.900,00
07/03/2026;Barra de cereal;Kiosco;9;800,00
12/03/2026;Detergente 750 ml;Limpieza;7;1.900,00
13/03/2026;Medialuna;Panadería;1;440,00
16/03/2026;Detergente 750 ml;Limpieza;7;1.805,00
16/03/2026;Lavandina 1 L;Limpieza;10;1.100,00
17/03/2026;Pan francés 1 kg;Panadería;8;3.080,00
20/03/2026;Birome azul;Librería;11;570,00
21/03/2026;Lavandina 1 L;Limpieza;10;1.045,00
25/03/2026;Birome azul;Librería;7;660,00
25/03/2026;Pan francés 1 kg;Panadería;6;2.800,00
30/03/2026;Barra de cereal;Kiosco;3;800,00
31/03/2026;Alfajor triple;Kiosco;1;1.200,00
05/04/2026;Barra de cereal;Kiosco;8;800,00
10/04/2026;Jugo de naranja;Bebidas;9;1.650,00
12/04/2026;Detergente 750 ml;Limpieza;11;1.900,00
12/04/2026;Medialuna;Panadería;9;440,00
13/04/2026;Factura surtida;Panadería;7;427,50
16/04/2026;Agua mineral 500 ml;Bebidas;3;900,00
16/04/2026;Resaltador;Librería;1;950,00
17/04/2026;Detergente 750 ml;Limpieza;4;1.900,00
20/04/2026;Alfajor triple;Kiosco;2;1.200,00
21/04/2026;Cuaderno A4;Librería;5;3.500,00
21/04/2026;Detergente 750 ml;Limpieza;9;1.900,00
22/04/2026;Resaltador;Librería;11;950,00
25/04/2026;Birome azul;Librería;2;660,00
27/04/2026;Medialuna;Panadería;12;380,00
28/04/2026;Cuaderno A4;Librería;1;3.850,00
01/05/2026;Factura surtida;Panadería;12;427,50
01/05/2026;Lavandina 1 L;Limpieza;10;1.100,00
02/05/2026;Factura surtida;Panadería;9;427,50
02/05/2026;Medialuna;Panadería;4;400,00
04/05/2026;Birome azul;Librería;7;600,00
05/05/2026;Chicle de menta;Kiosco;9;450,00
06/05/2026;Pan francés 1 kg;Panadería;8;3.080,00
07/05/2026;Medialuna;Panadería;4;440,00
08/05/2026;Jugo de naranja;Bebidas;4;1.425,00
08/05/2026;Medialuna;Panadería;9;400,00
09/05/2026;Birome azul;Librería;7;600,00
10/05/2026;Barra de cereal;Kiosco;1;880,00
12/05/2026;Cuaderno A4;Librería;9;3.500,00
13/05/2026;Lavandina 1 L;Limpieza;5;1.045,00
19/05/2026;Agua mineral 500 ml;Bebidas;2;900,00
19/05/2026;Lavandina 1 L;Limpieza;4;1.100,00
20/05/2026;Gaseosa 1,5 L;Bebidas;6;2.530,00
20/05/2026;Jugo de naranja;Bebidas;9;1.650,00
24/05/2026;Alfajor triple;Kiosco;10;1.320,00
25/05/2026;Agua mineral 500 ml;Bebidas;3;990,00
27/05/2026;Lavandina 1 L;Limpieza;12;1.100,00
29/05/2026;Detergente 750 ml;Limpieza;12;1.900,00
01/06/2026;Gaseosa 1,5 L;Bebidas;11;2.300,00
01/06/2026;Lavandina 1 L;Limpieza;10;1.210,00
05/06/2026;Alfajor triple;Kiosco;7;1.200,00
05/06/2026;Birome azul;Librería;9;600,00
06/06/2026;Detergente 750 ml;Limpieza;10;2.090,00
13/06/2026;Detergente 750 ml;Limpieza;7;2.090,00
16/06/2026;Gaseosa 1,5 L;Bebidas;5;2.300,00
16/06/2026;Lavandina 1 L;Limpieza;5;1.100,00
18/06/2026;Cuaderno A4;Librería;12;3.500,00
