socio;libro;fecha_prestamo;fecha_devolucion
Elena Paz;Ficciones;18/04/2026;02/05/2026
Carla Ruiz;Rayuela;07/04/2026;28/04/2026
Ana Gómez;El Principito;28/04/2026;03/05/2026
Franco Vera;Ficciones;19/05/2026;26/05/2026
Franco Vera;Rayuela;12/05/2026;
Carla Ruiz;Rayuela;03/05/2026;10/05/2026
Bruno Díaz;Don Segundo Sombra;19/04/2026;26/04/2026
Ana Gómez;El túnel;17/04/2026;20/04/2026
Carla Ruiz;El túnel;26/05/2026;16/06/2026
Ana Gómez;Martín Fierro;01/04/2026;04/04/2026
Ana Gómez;Rayuela;02/04/2026;09/04/2026
Elena Paz;Cien años de soledad;14/05/2026;24/05/2026
Diego Sosa;El Principito;21/04/2026;12/05/2026
Diego Sosa;Cien años de soledad;30/05/2026;
Elena Paz;La tregua;09/05/2026;14/05/2026
Ana Gómez;Cien años de soledad;28/04/2026;12/05/2026
Franco Vera;Don Segundo Sombra;26/05/2026;05/06/2026
Gala Ortiz;Cien años de soledad;25/04/2026;02/05/2026
Franco Vera;El túnel;04/04/2026;18/04/2026
Carla Ruiz;Cien años de soledad;27/05/2026;30/05/2026
Gala Ortiz;Rayuela;19/04/2026;03/05/2026
Diego Sosa;Cien años de soledad;20/04/2026;11/05/2026
Ana Gómez;Cien años de soledad;08/05/2026;
Ana Gómez;Rayuela;13/04/2026;23/04/2026
Ana Gómez;Rayuela;11/04/2026;21/04/2026
Elena Paz;Cien años de soledad;03/04/2026;08/04/2026
Franco Vera;Don Segundo Sombra;09/05/2026;23/05/2026
Elena Paz;Ficciones;02/04/2026;09/04/2026
Diego Sosa;El túnel;23/04/2026;30/04/2026
Diego Sosa;Martín Fierro;16/04/2026;07/05/2026
Hugo Luna;Rayuela;15/05/2026;10/05/2026
;Ficciones;16/05/2026;20/05/2026
Ana Gómez;El túnel;fecha rara;20/05/2026
